https://quantpedia.com/strategies/adaptive-asset-allocation/,'Adaptive Asset Allocation - QuantPedia.html'
https://quantpedia.com/strategies/advertising-effect-within-stocks/,'Advertising Effect within Stocks - QuantPedia.html'
https://quantpedia.com/strategies/combining-post-earnings-announcement-drift-with-accrual-anomaly/,'Combining Post-Earnings Announcement Drift with Accrual Anomaly - QuantPedia.html'
https://quantpedia.com/strategies/effect-of-change-in-non-current-operating-assets/,'Effect of Change in Non-Current Operating Assets - QuantPedia.html'
https://quantpedia.com/strategies/half-day-reversal/,'Half-Day Reversal - QuantPedia.html'
https://quantpedia.com/strategies/intraday-reversal-in-currency-markets/,'Intraday Reversal in Currency Markets - QuantPedia.html'
https://quantpedia.com/strategies/long-term-debt-factor-within-stocks/,'Long Term Debt Factor within Stocks - QuantPedia.html'
https://quantpedia.com/strategies/moving-average-strategies-for-cryptocurrencies/,'Moving Average Strategies for Cryptocurrencies - QuantPedia.html'
https://quantpedia.com/strategies/overnight-momentum-strategy/,'Overnight Momentum Strategy - QuantPedia.html'
https://quantpedia.com/strategies/overnight-stock-trading/,'Overnight Stock Trading - QuantPedia.html'
https://quantpedia.com/strategies/post-loss-profit-announcement-drift-in-stocks/,'Post-Loss_Profit Announcement Drift in Stocks - QuantPedia.html'
https://quantpedia.com/strategies/timing-commodity-momentum/,'Timing Commodity Momentum - QuantPedia.html'
https://quantpedia.com/strategies/timing-of-option-returns/,'Timing of Option Returns - QuantPedia.html'
https://quantpedia.com/strategies/trading-commodity-calendar-spreads/,'Trading Commodity Calendar Spreads - QuantPedia.html'
https://quantpedia.com/strategies/trading-fomc-announcements-with-summary-of-economic-projections/,'Trading FOMC Announcements with Summary of Economic Projections - QuantPedia.html'
https://quantpedia.com/strategies/trading-natural-gas-propane-spread/,'Trading Natural Gas_Propane Spread - QuantPedia.html'
https://quantpedia.com/strategies/trading-on-the-dividend-paydate/,'Trading on the Dividend Paydate - QuantPedia.html'
https://quantpedia.com/strategies/trading-vix-etfs/,'Trading VIX ETFs - QuantPedia.html'
https://quantpedia.com/strategies/trading-vix-etfs-v2/,'Trading VIX ETFs v2 - QuantPedia.html'
https://quantpedia.com/strategies/turn-of-the-month-effect-in-futures-momentum-strategy/,'Turn of the Month Effect in Futures Momentum Strategy - QuantPedia.html'
https://quantpedia.com/strategies/acceleration-effect-combined-with-momentum-in-stocks/,'Acceleration Effect Combined with Momentum in Stocks - QuantPedia.html'
https://quantpedia.com/strategies/commodity-risk-factor-in-equities/,'Commodity Risk Factor in Equities - QuantPedia.html'
https://quantpedia.com/strategies/days-to-cover-strategy/,'Days to Cover Strategy - QuantPedia.html'
https://quantpedia.com/strategies/debt-growth-effect-combined-with-asset-growth-effect/,'Debt Growth Effect Combined with Asset Growth Effect - QuantPedia.html'
https://quantpedia.com/strategies/expected-skewness-and-momentum-in-stocks/,'Expected Skewness and Momentum in Stocks - QuantPedia.html'
https://quantpedia.com/strategies/fx-volatility-effect/,'FX Volatility Effect - QuantPedia.html'
https://quantpedia.com/strategies/halloween-effect-during-low-and-high-cape-months/,'Halloween Effect during Low and High CAPE Months - QuantPedia.html'
https://quantpedia.com/strategies/halloween-effect-during-the-pre-election-year/,'Halloween Effect During the Pre-Election Year - QuantPedia.html'
https://quantpedia.com/strategies/innovative-efficiency-effect-in-stocks-ver-2/,'Innovative Efficiency Effect in Stocks ver. 2 - QuantPedia.html'
https://quantpedia.com/strategies/market-timing-sp-500-with-vix-and-cot-report/,'Market Timing S&P 500 with VIX and COT Report - QuantPedia.html'
https://quantpedia.com/strategies/momentum-in-futures/,'Cross-Sectional Momentum in Futures - QuantPedia.html'
https://quantpedia.com/strategies/moving-averages-distance-strategy-in-equities/,'Moving Averages Distance Strategy in Equities - QuantPedia.html'
https://quantpedia.com/strategies/overlapping-momentum-portfolios/,'Overlapping Momentum Portfolios - QuantPedia.html'
https://quantpedia.com/strategies/predicting-bond-returns-with-commodity-index/,'Predicting Bond Returns with Commodity Index - QuantPedia.html'
https://quantpedia.com/strategies/pro-cyclical-stocks-and-expected-future-economic-conditions/,'Pro-Cyclical Stocks and Expected Future Economic Conditions - QuantPedia.html'
https://quantpedia.com/strategies/the-impact-of-turnovers-on-short-term-momentum-and-reversal/,'The Impact of Turnovers on Short-Term Momentum and Reversal - QuantPedia.html'
https://quantpedia.com/strategies/using-intensity-of-book-to-market-to-identify-growth-premium/,'Using Intensity of Book to Market to Identify Growth Premium - QuantPedia.html'
https://quantpedia.com/strategies/value-effect-in-reits/,'Value Effect in REITs - QuantPedia.html'
https://quantpedia.com/strategies/volatility-effect-in-commodities/,'Volatility Effect in Commodities - QuantPedia.html'
https://quantpedia.com/strategies/when-to-own-stocks-and-when-to-own-gold/,'When to Own Stocks and When to Own Gold - QuantPedia.html'
https://quantpedia.com/strategies/alpha-momentum-in-country-and-industry-equity-indexes/,'Alpha Momentum in Country and Industry Equity Indexes - QuantPedia.html'
https://quantpedia.com/strategies/betting-against-alpha/,'Betting Against Alpha - QuantPedia.html'
https://quantpedia.com/strategies/earnings-response-elasticity/,'Earnings Response Elasticity - QuantPedia.html'
https://quantpedia.com/strategies/expected-investment-growth-within-the-cross-section-of-stocks-returns/,'Expected Investment Growth within the Cross-section of Stocks Returns - QuantPedia.html'
https://quantpedia.com/strategies/filtered-short-term-reversal/,'Filtered Short-Term Reversal - QuantPedia.html'
https://quantpedia.com/strategies/flight-to-quality-factor-in-fixed-income/,'Flight to Quality Factor in Fixed Income - QuantPedia.html'
https://quantpedia.com/strategies/fx-momentum-seasonality/,'FX Momentum Seasonality - QuantPedia.html'
https://quantpedia.com/strategies/fx-volatility-effect-ver-2/,'FX Volatility Effect ver. 2 - QuantPedia.html'
https://quantpedia.com/strategies/hedgers-effect-in-commodities/,Hedgers' Effect in Commodities - QuantPedia.html
https://quantpedia.com/strategies/industry-herding-and-momentum/,'Industry Herding and Momentum - QuantPedia.html'
https://quantpedia.com/strategies/long-term-reversal-combined-with-a-momentum-effect/,'Long-Term Reversal Combined with a Momentum Effect - QuantPedia.html'
https://quantpedia.com/strategies/long-term-reversal-combined-with-a-momentum-effect-in-industry-portfolios/,'Long-Term Reversal Combined with a Momentum Effect in Industry Portfolios - QuantPedia.html'
https://quantpedia.com/strategies/lottery-effect-in-stocks/,'Lottery Effect in Stocks - QuantPedia.html'
https://quantpedia.com/strategies/predicting-bond-returns-with-equity-return/,'Predicting Bond Returns with Equity Return - QuantPedia.html'
https://quantpedia.com/strategies/profitability-factor-combined-with-value-factor/,'Profitability Factor Combined with Value Factor - QuantPedia.html'
https://quantpedia.com/strategies/sales-seasonality-premium/,'Sales Seasonality Premium - QuantPedia.html'
https://quantpedia.com/strategies/seasonality-within-trend-following-strategy-in-commodities/,'Seasonality Within Trend-Following Strategy in Commodities - QuantPedia.html'
https://quantpedia.com/strategies/the-crisis-alpha-portfolio/,'The Crisis Alpha Portfolio - QuantPedia.html'
https://quantpedia.com/strategies/timing-the-small-cap-effect/,'Timing the Small Cap Effect - QuantPedia.html'
https://quantpedia.com/strategies/value-effect-within-countries-v2/,'Value Effect within Countries v2 - QuantPedia.html'
https://quantpedia.com/strategies/12-month-seasonal-reversals/,'12 Month Seasonal Reversals - QuantPedia.html'
https://quantpedia.com/strategies/abnormal-volume-effect-in-the-stock-market/,'Abnormal Volume Effect in the Stock Market - QuantPedia.html'
https://quantpedia.com/strategies/cash-based-operating-pro%ef%ac%81tability/,'Cash-Based Operating Pro?tability - QuantPedia.html'
https://quantpedia.com/strategies/growth-gap-factor-in-fixed-income/,'Growth Gap Factor in Fixed Income - QuantPedia.html'
https://quantpedia.com/strategies/hedgers-effect-in-fx/,Hedgers' Effect in FX - QuantPedia.html
https://quantpedia.com/strategies/january-effect-filter-and-momentum-in-stocks/,'January Effect Filter and Momentum in Stocks - QuantPedia.html'
https://quantpedia.com/strategies/leverage-effect-in-stocks/,'Leverage Effect in Stocks - QuantPedia.html'
https://quantpedia.com/strategies/long-term-pe-ratio-effect-in-stocks/,'Long-Term PE Ratio Effect in Stocks - QuantPedia.html'
https://quantpedia.com/strategies/momentum-combined-with-insider-trading/,'Momentum Combined with Insider Trading - QuantPedia.html'
https://quantpedia.com/strategies/oil-surprise-factor-in-equities/,'Oil Surprise Factor in Equities - QuantPedia.html'
https://quantpedia.com/strategies/open-interest-in-futures-predicts-commodity-returns/,'Open Interest in Futures Predicts Commodity Returns - QuantPedia.html'
https://quantpedia.com/strategies/rank-effect-for-commodities/,'Rank Effect for Commodities - QuantPedia.html'
https://quantpedia.com/strategies/reversal-yield-change-factor-in-fixed-income/,'Reversal - Yield Change Factor in Fixed Income - QuantPedia.html'
https://quantpedia.com/strategies/seasonality-in-gold/,'Seasonality in Gold - QuantPedia.html'
https://quantpedia.com/strategies/short-term-trend-following-with-small-volatile-stocks/,'Short Term Trend Following with Small Volatile Stocks - QuantPedia.html'
https://quantpedia.com/strategies/speculators-effect-in-commodities/,Speculators' Effect in Commodities - QuantPedia.html
https://quantpedia.com/strategies/speculators-effect-in-fx/,Speculators' Effect in FX - QuantPedia.html
https://quantpedia.com/strategies/turn-of-the-month-effect-in-the-cross-section-of-stock-returns/,'Turn of the Month Effect in the Cross-Section of Stock Returns - QuantPedia.html'
https://quantpedia.com/strategies/unemployment-gap-factor-in-fixed-income/,'Unemployment Gap Factor in Fixed Income - QuantPedia.html'
https://quantpedia.com/strategies/when-short-sellers-and-corporate-insiders-agree-on-stock-pricing/,'When Short Sellers and Corporate Insiders Agree on Stock Pricing - QuantPedia.html'
https://quantpedia.com/strategies/combined-momentum-and-counter-trend-strategy-on-us-equity-indexes/,'Combined Momentum and Counter Trend Strategy on US Equity Indexes - QuantPedia.html'
https://quantpedia.com/strategies/conglomerates-post-earnings-announcement-drift/,'Conglomerates Post-Earnings Announcement Drift - QuantPedia.html'
https://quantpedia.com/strategies/consumer-sentiment-effect/,'Consumer Sentiment Effect - QuantPedia.html'
https://quantpedia.com/strategies/contrast-effect-during-the-earnings-announcements/,'Contrast Effect During the Earnings Announcements - QuantPedia.html'
https://quantpedia.com/strategies/daily-box-office-earnings-and-aggregate-stock-returns/,'Daily Box Office Earnings and Aggregate Stock Returns - QuantPedia.html'
https://quantpedia.com/strategies/earnings-announcement-seasonality-effect-in-equities/,'Earnings Announcement Seasonality Effect in Equities - QuantPedia.html'
https://quantpedia.com/strategies/insiders-trading-effect-in-stocks/,'Insiders Trading Effect in Stocks - QuantPedia.html'
https://quantpedia.com/strategies/insider-trading-combined-with-share-repurchases/,'Insider Trading Combined with Share Repurchases - QuantPedia.html'
https://quantpedia.com/strategies/overnight-anomaly/,'Overnight Anomaly - QuantPedia.html'
https://quantpedia.com/strategies/the-tax-day-trade/,'The Tax Day Trade - QuantPedia.html'
https://quantpedia.com/strategies/trading-options-during-expiration-weekends/,'Trading Options During Expiration Weekends - QuantPedia.html'
https://quantpedia.com/strategies/us-holiday-effect-in-eu-markets/,'US Holiday Effect in EU Markets - QuantPedia.html'
https://quantpedia.com/strategies/vix-predicts-stock-index-returns/,'VIX Predicts Stock Index Returns - QuantPedia.html'
https://quantpedia.com/strategies/demographic-changes-predict-stock-market-returns/,'Demographic Changes Predict Stock Market Returns - QuantPedia.html'
https://quantpedia.com/strategies/end-of-month-treasury-returns/,'End-of-Month Treasury Returns - QuantPedia.html'
https://quantpedia.com/strategies/impact-of-macro-news-on-pead-strategy/,'Impact of Macro News on PEAD Strategy - QuantPedia.html'
https://quantpedia.com/strategies/insiders-silence/,Insiders' Silence - QuantPedia.html
https://quantpedia.com/strategies/intraday-momentum-in-crude-oil-etf/,'Intraday Momentum in Crude Oil ETF - QuantPedia.html'
https://quantpedia.com/strategies/momentum-seasonality-and-investor-preferences/,'Momentum Seasonality and Investor Preferences - QuantPedia.html'
https://quantpedia.com/strategies/momentum-stock-picking-strategy-using-rsi-indicator/,'Momentum Stock Picking Strategy Using RSI Indicator - QuantPedia.html'
https://quantpedia.com/strategies/opening-range-breakout-within-crude-oil/,'Opening Range Breakout within Crude Oil - QuantPedia.html'
https://quantpedia.com/strategies/post-earnings-announcement-drift-combined-with-strong-momentum/,'Post-Earnings Announcement Drift Combined with Strong Momentum - QuantPedia.html'
https://quantpedia.com/strategies/price-gap-strategy-in-the-us-stock-market/,'Price Gap Strategy in the US Stock Market - QuantPedia.html'
https://quantpedia.com/strategies/scheduled-economic-announcements-effect-in-stocks/,'Scheduled Economic Announcements Effect in Stocks - QuantPedia.html'
https://quantpedia.com/strategies/seasonality-in-government-bond-returns/,'Seasonality in Government Bond Returns - QuantPedia.html'
https://quantpedia.com/strategies/sentiment-and-style-rotation-effect-in-stocks/,'Sentiment and Style Rotation Effect in Stocks - QuantPedia.html'
https://quantpedia.com/strategies/shorting-stocks-during-the-last-hour-of-month/,'Shorting Stocks During the Last Hour of Month - QuantPedia.html'
https://quantpedia.com/strategies/short-term-reversal-in-equity-index-futures/,'Short-Term Reversal in Equity Index Futures - QuantPedia.html'
https://quantpedia.com/strategies/sp-500-index-addition-effect/,'S&P 500 Index Addition Effect - QuantPedia.html'
https://quantpedia.com/strategies/stock-picking-of-etf-constituents/,'Stock Picking of ETF Constituents - QuantPedia.html'
https://quantpedia.com/strategies/trading-commodity-etfs-versus-equity-etfs/,'Trading Commodity ETFs versus Equity ETFs - QuantPedia.html'
https://quantpedia.com/strategies/trading-on-earnings-announcements/,'Trading on Earnings Announcements - QuantPedia.html'
https://quantpedia.com/strategies/using-baltic-dry-index-to-trade-tanker-shipping-companies/,'Using Baltic Dry Index to Trade Tanker Shipping Companies - QuantPedia.html'
https://quantpedia.com/strategies/catching-falling-knife-stocks/,'Catching _Falling Knife_ Stocks - QuantPedia.html'
https://quantpedia.com/strategies/cot-report-predicts-prices-of-agricultural-commodities/,'COT Report Predicts Prices of Agricultural Commodities - QuantPedia.html'
https://quantpedia.com/strategies/lunar-cycle-in-equity-market/,'Lunar Cycle in Equity Market - QuantPedia.html'
https://quantpedia.com/strategies/lunar-cycle-in-precious-metals/,'Lunar Cycle in Precious Metals - QuantPedia.html'
https://quantpedia.com/strategies/political-uncertainty-and-commodity-prices/,'Political Uncertainty and Commodity Prices - QuantPedia.html'
https://quantpedia.com/strategies/post-earnings-announcement-drift-for-friday-evening-announcers/,'Post-Earnings Announcement Drift for Friday Evening Announcers - QuantPedia.html'
https://quantpedia.com/strategies/pre-election-drift-in-the-stock-market/,'Pre-Election Drift In the Stock Market - QuantPedia.html'
https://quantpedia.com/strategies/bonds-market-timing/,'Bonds Market Timing - QuantPedia.html'
https://quantpedia.com/strategies/carry-factor-within-asset-classes/,'Carry Factor within Asset Classes - QuantPedia.html'
https://quantpedia.com/strategies/cloning-hedge-fund-indexes/,'Cloning Hedge Fund Indexes - QuantPedia.html'
https://quantpedia.com/strategies/combining-growth-stocks-with-momentum-and-volume-factors/,'Combining Growth Stocks with Momentum and Volume Factors - QuantPedia.html'
https://quantpedia.com/strategies/combining-value-stocks-with-momentum-and-volume-factors/,'Combining Value Stocks with Momentum and Volume Factors - QuantPedia.html'
https://quantpedia.com/strategies/commodities-timing-based-on-a-monetary-conditions/,'Commodities Timing based on a Monetary Conditions - QuantPedia.html'
https://quantpedia.com/strategies/earnings-acceleration-effect-in-stocks/,'Earnings Acceleration Effect in Stocks - QuantPedia.html'
https://quantpedia.com/strategies/election-cycle/,'Election Cycle - QuantPedia.html'
https://quantpedia.com/strategies/generalised-risk-adjusted-momentum-in-stocks/,'Generalised Risk-Adjusted Momentum in Stocks - QuantPedia.html'
https://quantpedia.com/strategies/market-neutral-strategy-based-on-share-buybacks/,'Market Neutral Strategy Based on Share Buybacks - QuantPedia.html'
https://quantpedia.com/strategies/momentum-short-term-reversal-strategy/,'Momentum - Short Term Reversal Strategy - QuantPedia.html'
https://quantpedia.com/strategies/overnight-intraday-daily-reversal-in-commodities/,'Overnight-Intraday Daily Reversal in Commodities - QuantPedia.html'
https://quantpedia.com/strategies/pairs-trading-on-intraday-basis/,'Pairs Trading on Intraday Basis - QuantPedia.html'
https://quantpedia.com/strategies/pairs-trading-with-commodities/,'Pairs Trading with Commodities - QuantPedia.html'
https://quantpedia.com/strategies/post-earnings-announcement-drift-based-on-price-signal-alone/,'Post-Earnings Announcement Drift Based on Price Signal Alone - QuantPedia.html'
https://quantpedia.com/strategies/post-earnings-announcement-drift-in-reits/,'Post-Earnings Announcement Drift in REITs - QuantPedia.html'
https://quantpedia.com/strategies/sequenced-insider-trading/,'Sequenced Insider Trading - QuantPedia.html'
https://quantpedia.com/strategies/stock-return-reversal-within-industries/,'Stock Return Reversal within Industries - QuantPedia.html'
https://quantpedia.com/strategies/tax-expense-momentum/,'Tax Expense Momentum - QuantPedia.html'
https://quantpedia.com/strategies/timing-betting-against-beta-bab-anomaly/,'Timing Betting-Against-Beta (BAB) Anomaly - QuantPedia.html'
https://quantpedia.com/strategies/combining-earnings-revenue-and-price-momentum/,"'Combining Earnings, Revenue and Price Momentum - QuantPedia.html'"
https://quantpedia.com/strategies/combining-momentum-effect-with-volume/,'Combining Momentum Effect with Volume - QuantPedia.html'
https://quantpedia.com/strategies/combining-vix-futures-term-structure-strategy-and-sp500-index/,'Combining VIX Futures Term Structure Strategy and S&P500 Index - QuantPedia.html'
https://quantpedia.com/strategies/enhanced-value-premium/,'Enhanced Value Premium - QuantPedia.html'
https://quantpedia.com/strategies/industry-momentum-combined-with-reversal/,'Industry Momentum Combined with Reversal - QuantPedia.html'
https://quantpedia.com/strategies/lottery-stocks-and-past-performance/,'Lottery Stocks and Past Performance - QuantPedia.html'
https://quantpedia.com/strategies/macroeconomic-announcement-beta-strategy/,'Macroeconomic Announcement Beta Strategy - QuantPedia.html'
https://quantpedia.com/strategies/portfolio-hedging-using-vix-options/,'Portfolio Hedging Using VIX Options - QuantPedia.html'
https://quantpedia.com/strategies/pre-earnings-announcement-drift/,'Pre-Earnings Announcement Drift - QuantPedia.html'
https://quantpedia.com/strategies/savings-rate-beta-and-performance-of-stocks/,'Savings Rate Beta and Performance of Stocks - QuantPedia.html'
https://quantpedia.com/strategies/separating-strong-and-weak-growth-stocks/,'Separating Strong and Weak Growth Stocks - QuantPedia.html'
https://quantpedia.com/strategies/shorting-volatility-during-fomc-meeting-days/,'Shorting Volatility During FOMC Meeting Days - QuantPedia.html'
https://quantpedia.com/strategies/short-term-residual-reversal/,'Short-Term Residual Reversal - QuantPedia.html'
https://quantpedia.com/strategies/time-series-reversal-of-momentum-on-futures/,'Time Series Reversal of Momentum on Futures - QuantPedia.html'
https://quantpedia.com/strategies/timing-commodities-and-sp500-with-cot-report/,'Timing Commodities and S&P500 with COT Report - QuantPedia.html'
https://quantpedia.com/strategies/timing-vix-etns/,'Timing VIX ETNs - QuantPedia.html'
https://quantpedia.com/strategies/trend-factor-within-stocks/,'Trend Factor within Stocks - QuantPedia.html'
https://quantpedia.com/strategies/value-factor-after-negative-market-return/,'Value Factor After Negative Market Return - QuantPedia.html'
https://quantpedia.com/strategies/volatility-investing-across-asset-classes/,'Volatility Investing Across Asset Classes - QuantPedia.html'
https://quantpedia.com/strategies/volatility-risk-premium-in-commodities/,'Volatility Risk Premium in Commodities - QuantPedia.html'
https://quantpedia.com/strategies/1-month-momentum-in-commodities/,'1 Month Momentum in Commodities - QuantPedia.html'
https://quantpedia.com/strategies/betting-against-correlation-effect/,'Betting Against Correlation Effect - QuantPedia.html'
https://quantpedia.com/strategies/bitcoin-intraday-momentum/,'Bitcoin Intraday Momentum - QuantPedia.html'
https://quantpedia.com/strategies/intraday-momentum-in-equities/,'Intraday Momentum in Equities - QuantPedia.html'
https://quantpedia.com/strategies/market-timing-filter-applied-to-a-classical-stock-anomalies/,'Market Timing Filter Applied to a Momentum and Other Factor Strategies - QuantPedia.html'
https://quantpedia.com/strategies/mean-variance-carry-trade-strategy/,'Mean Variance Carry Trade Strategy - QuantPedia.html'
https://quantpedia.com/strategies/momentum-and-state-of-market-sentiment-filters/,'Momentum and State of Market (Sentiment) Filters - QuantPedia.html'
https://quantpedia.com/strategies/momentum-and-trendfollowing-in-country-equity-indexes/,'Momentum and Trend-following in Country Equity Indexes - QuantPedia.html'
https://quantpedia.com/strategies/momentum-and-trend-following-in-global-asset-allocation/,'Momentum and Trend Following in Global Asset Allocation - QuantPedia.html'
https://quantpedia.com/strategies/multi-asset-market-breadth-momentum/,'Multi-Asset Market Breadth Momentum - QuantPedia.html'
https://quantpedia.com/strategies/productivity-of-cash-effect-in-the-stock-market/,'Productivity of Cash Effect in the Stock Market - QuantPedia.html'
https://quantpedia.com/strategies/returns-signal-momentum/,'Returns Signal Momentum - QuantPedia.html'
https://quantpedia.com/strategies/spread-basis-momentum-within-commodities/,'Spread (Basis) Momentum within Commodities - QuantPedia.html'
https://quantpedia.com/strategies/switching-between-value-and-momentum-in-stocks/,'Switching between Value and Momentum in Stocks - QuantPedia.html'
https://quantpedia.com/strategies/the-fomc-cycle-effect/,'The FOMC Cycle Effect - QuantPedia.html'
https://quantpedia.com/strategies/time-series-momentum-and-carry/,'Time-Series Momentum and Carry - QuantPedia.html'
https://quantpedia.com/strategies/time-series-momentum-combined-with-volatility-filters-in-forex/,'Time Series Momentum Combined with Volatility Filters in FOREX - QuantPedia.html'
https://quantpedia.com/strategies/time-series-momentum-combined-with-volatility-filters-in-futures-markets/,'Time Series Momentum Combined with Volatility Filters in Futures Markets - QuantPedia.html'
https://quantpedia.com/strategies/timing-carry-trade-v2/,'Timing Carry Trade v2 - QuantPedia.html'
https://quantpedia.com/strategies/trendfollowing-effect-within-reits/,'Trendfollowing Effect within REITs - QuantPedia.html'
https://quantpedia.com/strategies/dynamic-momentum-and-contrarian-trading/,'Dynamic Momentum and Contrarian Trading - QuantPedia.html'
https://quantpedia.com/strategies/fx-carry-trade-combined-with-ppp-value-strategy/,'FX Carry Trade Combined with PPP (Value) Strategy - QuantPedia.html'
https://quantpedia.com/strategies/gold-market-timing/,'Gold Market Timing - QuantPedia.html'
https://quantpedia.com/strategies/impact-of-overnight-returns-and-daytime-reversals-to-future-stock-returns/,'Impact of Overnight Returns and Daytime Reversals to Future Stock Returns - QuantPedia.html'
https://quantpedia.com/strategies/january-effect-filter-and-mean-reversion-in-stocks/,'January Effect Filter and Mean Reversion in Stocks - QuantPedia.html'
https://quantpedia.com/strategies/long-run-reversal-in-commodity-returns/,'Long-Run Reversal in Commodity Returns - QuantPedia.html'
https://quantpedia.com/strategies/long-term-pb-ratio-effect-in-stocks-combined-with-momentum/,'Long-Term PB Ratio Effect in Stocks Combined with Momentum - QuantPedia.html'
https://quantpedia.com/strategies/market-timing-using-lumber-gold-ratio/,'Market Timing Using Lumber_Gold Ratio - QuantPedia.html'
https://quantpedia.com/strategies/momentum-combined-with-value-effect-within-countries/,'Momentum Combined with Value Effect within Countries - QuantPedia.html'
https://quantpedia.com/strategies/momentum-effect-in-stocks-combined-with-stop-losses/,'Momentum Effect in Stocks Combined with Stop-Losses - QuantPedia.html'
https://quantpedia.com/strategies/overnight-intraday-weekly-reversal-in-currency-futures/,'Overnight-Intraday Weekly Reversal in Currency Futures - QuantPedia.html'
https://quantpedia.com/strategies/predicting-bond-returns-with-a-combined-model/,'Predicting Bond Returns with a Combined Model - QuantPedia.html'
https://quantpedia.com/strategies/realized-skewness-predicts-equity-returns/,'Realized Skewness Predicts Equity Returns - QuantPedia.html'
https://quantpedia.com/strategies/seasonality-in-treasury-auctions-strategy/,'Seasonality in Treasury Auctions Strategy - QuantPedia.html'
https://quantpedia.com/strategies/short-term-1-month-momentum-in-currencies/,'Short-Term (1 Month) Momentum in Currencies - QuantPedia.html'
https://quantpedia.com/strategies/speculator-spreading-pressure-and-the-commodity-futures-risk-premium/,'Speculator Spreading Pressure and the Commodity Futures Risk Premium - QuantPedia.html'
https://quantpedia.com/strategies/timing-carry-trade/,'Timing Carry Trade - QuantPedia.html'
https://quantpedia.com/strategies/trendfollowing-combined-with-volatility-premium/,'Trendfollowing Combined with Volatility Premium - QuantPedia.html'
https://quantpedia.com/strategies/trend-following-in-commodity-calendar-spreads/,'Trend Following in Commodity Calendar Spreads - QuantPedia.html'
https://quantpedia.com/strategies/trendfollowing-in-futures-markets/,'Trend-following in Futures Markets - QuantPedia.html'
https://quantpedia.com/strategies/1-month-momentum-in-international-equities/,'1 Month Momentum in International Equities - QuantPedia.html'
https://quantpedia.com/strategies/absolute-momentum-effect-in-stocks/,'Absolute Momentum Effect in Stocks - QuantPedia.html'
https://quantpedia.com/strategies/accrual-volatility-anomaly/,'Accrual Volatility Anomaly - QuantPedia.html'
https://quantpedia.com/strategies/effect-of-corruption-on-fx-markets/,'Effect of Corruption on FX Markets - QuantPedia.html'
https://quantpedia.com/strategies/global-bond-portfolio-predicts-government-bonds-returns-in-individual-countries/,'Global Bond Portfolio Predicts Government Bonds Returns in Individual Countries - QuantPedia.html'
https://quantpedia.com/strategies/intraday-currency-seasonality/,'Intraday Currency Seasonality - QuantPedia.html'
https://quantpedia.com/strategies/investment-momentum-strategy/,'Investment-Momentum Strategy - QuantPedia.html'
https://quantpedia.com/strategies/lottery-stocks-and-the-52-week-high/,'Lottery Stocks and the 52-Week High - QuantPedia.html'
https://quantpedia.com/strategies/macroeconomic-announcement-beta-reversal/,'Macroeconomic Announcement Beta Reversal - QuantPedia.html'
https://quantpedia.com/strategies/market-timing-with-aggregate-accruals/,'Market Timing with Aggregate Accruals - QuantPedia.html'
https://quantpedia.com/strategies/momentum-effect-combined-with-term-structure-in-commodities/,'Momentum Effect Combined with Term Structure in Commodities - QuantPedia.html'
https://quantpedia.com/strategies/price-overreactions-in-the-forex/,'Price Overreactions in the Forex - QuantPedia.html'
https://quantpedia.com/strategies/price-shocks-effect/,'Price Shocks Effect - QuantPedia.html'
https://quantpedia.com/strategies/reversal-combined-with-volatility-effect-in-stocks/,'Reversal Combined with Volatility Effect in Stocks - QuantPedia.html'
https://quantpedia.com/strategies/sector-rotation-based-on-monetary-policy/,'Sector Rotation based on Monetary Policy - QuantPedia.html'
https://quantpedia.com/strategies/spread-basis-momentum-within-currencies/,'Spread (Basis) Momentum within Currencies - QuantPedia.html'
https://quantpedia.com/strategies/time-series-momentum-factor-in-cryptocurrencies/,'Time-Series Momentum Factor in Cryptocurrencies - QuantPedia.html'
https://quantpedia.com/strategies/trendfollowing-combined-with-momentum-in-commodity-futures/,'Trendfollowing Combined with Momentum in Commodity Futures - QuantPedia.html'
https://quantpedia.com/strategies/us-equity-tail-risk-and-currency-risk-premia/,'US Equity Tail Risk and Currency Risk Premia - QuantPedia.html'
https://quantpedia.com/strategies/bond-carry-strategy/,'Bond Carry Strategy - QuantPedia.html'
https://quantpedia.com/strategies/combining-momentum-term-structure-and-idiosyncratic-volatility-within-commodities/,"'Combining Momentum, Term Structure, and Idiosyncratic Volatility within Commodities - QuantPedia.html'"
https://quantpedia.com/strategies/cross-asset-skewness-effect/,'Cross-Asset Skewness Effect - QuantPedia.html'
https://quantpedia.com/strategies/dividend-month-anomaly/,'Dividend Month Anomaly - QuantPedia.html'
https://quantpedia.com/strategies/ebidta-tev-measure-effect/,'EBIDTA_TEV Measure Effect - QuantPedia.html'
https://quantpedia.com/strategies/enhanced-betting-against-beta-strategy-in-equities/,'Enhanced Betting Against Beta Strategy in Equities - QuantPedia.html'
https://quantpedia.com/strategies/nearness-to-52-week-low-strategy/,'Nearness to 52-Week Low Strategy - QuantPedia.html'
https://quantpedia.com/strategies/risk-managed-industry-momentum/,'Risk-Managed Industry Momentum - QuantPedia.html'
https://quantpedia.com/strategies/selling-options-on-bond-etfs/,'Selling Options on Bond ETFs - QuantPedia.html'
https://quantpedia.com/strategies/shorting-goodwill/,'Shorting Goodwill - QuantPedia.html'
https://quantpedia.com/strategies/term-spread-predicts-fx-rates/,'Term Spread Predicts FX Rates - QuantPedia.html'
https://quantpedia.com/strategies/the-conservative-formula/,'The Conservative Formula - QuantPedia.html'
https://quantpedia.com/strategies/timing-commodity-factor-portfolios/,'Timing Commodity Factor Portfolios - QuantPedia.html'
https://quantpedia.com/strategies/timing-sp500-using-full-vs-partial-employment/,'Timing S&P500 Using Full vs. Partial Employment - QuantPedia.html'
https://quantpedia.com/strategies/timing-the-small-cap-effect-ver-2/,'Timing the Small Cap Effect ver. 2 - QuantPedia.html'
https://quantpedia.com/strategies/timing-the-small-cap-effect-ver-3/,'Timing the Small Cap Effect ver. 3 - QuantPedia.html'
https://quantpedia.com/strategies/trend-following-and-spillover-e%ef%ac%80ect/,'Trend-Following and Spillover E?ect - QuantPedia.html'
https://quantpedia.com/strategies/us-sector-rotation-with-five-factor-fama-french-alphas/,'US Sector Rotation with Five-Factor Fama-French Alphas - QuantPedia.html'
https://quantpedia.com/strategies/volatility-risk-premium-in-currencies/,'Volatility Risk Premium in Currencies - QuantPedia.html'
https://quantpedia.com/strategies/1-month-momentum-in-bonds/,'1 Month Momentum in Bonds - QuantPedia.html'
https://quantpedia.com/strategies/accrual-anomaly-ver-2/,'Accrual Anomaly ver.2 - QuantPedia.html'
https://quantpedia.com/strategies/adaptive-moving-averages-used-for-market-timing/,'Adaptive Moving Averages used for Market Timing - QuantPedia.html'
https://quantpedia.com/strategies/combining-time-series-and-cross-sectional-momentum/,'Combining Time-Series and Cross-Sectional Momentum - QuantPedia.html'
https://quantpedia.com/strategies/etf-momentum/,'ETF Momentum - QuantPedia.html'
https://quantpedia.com/strategies/fundamental-strength-and-the-52-week-high-anomaly/,'Fundamental Strength and the 52-Week High Anomaly - QuantPedia.html'
https://quantpedia.com/strategies/generalised-risk-adjusted-momentum-in-equity-indexes/,'Generalised Risk-Adjusted Momentum in Equity Indexes - QuantPedia.html'
https://quantpedia.com/strategies/global-cross-asset-time-series-momentum-in-bond-and-equity-markets/,'Global Cross-Asset Time Series Momentum in Bond and Equity Markets - QuantPedia.html'
https://quantpedia.com/strategies/idiosyncratic-momentum-in-stocks/,'Idiosyncratic Momentum in Stocks - QuantPedia.html'
https://quantpedia.com/strategies/intraday-market-wide-ups-downs-and-returns/,'Intraday Market-Wide Ups_Downs and Returns - QuantPedia.html'
https://quantpedia.com/strategies/scheduled-economic-announcements-effect-in-bonds/,'Scheduled Economic Announcements Effect in Bonds - QuantPedia.html'
https://quantpedia.com/strategies/shorting-stocks-on-the-option-expiration-day/,'Shorting Stocks on the Option Expiration Day - QuantPedia.html'
https://quantpedia.com/strategies/short-term-reversal-with-etfs/,'Short Term Reversal with ETFs - QuantPedia.html'
https://quantpedia.com/strategies/spread-trading-with-adrs/,'Spread Trading with ADRs - QuantPedia.html'
https://quantpedia.com/strategies/term-spread-premium/,'Term Spread Premium - QuantPedia.html'
https://quantpedia.com/strategies/the-52-week-high-and-short-term-reversal-in-stock-returns/,'The 52-Week High and Short-Term Reversal in Stock Returns - QuantPedia.html'
https://quantpedia.com/strategies/the-equity-differential-factor-in-currencies/,'The Equity Differential Factor in Currencies - QuantPedia.html'
https://quantpedia.com/strategies/timing-high-and-low-volatility-equity-factor-strategy/,'Timing High and Low Volatility Equity Factor Strategy - QuantPedia.html'
https://quantpedia.com/strategies/using-vix-to-time-options-writing/,'Using VIX to Time Options Writing - QuantPedia.html'
https://quantpedia.com/strategies/volatility-weighted-short-term-reversal-strategy-in-emerging-market-equities/,'Volatility-Weighted Short-Term Reversal Strategy in Emerging Market Equities - QuantPedia.html'
https://quantpedia.com/strategies/accruals-effect-combined-with-price-momentum/,'Accruals Effect Combined with Price Momentum - QuantPedia.html'
https://quantpedia.com/strategies/accruals-momentum/,'Accruals Momentum - QuantPedia.html'
https://quantpedia.com/strategies/changes-in-long-term-rates-predict-fx-rates/,'Changes in Long Term Rates Predict FX Rates - QuantPedia.html'
https://quantpedia.com/strategies/combining-seasonality-and-momentum-in-us-equity-sectors/,'Combining Seasonality and Momentum in US Equity Sectors - QuantPedia.html'
https://quantpedia.com/strategies/cross-sectional-seasonalities-in-international-government-bond-returns/,'Cross-Sectional Seasonalities in International Government Bond Returns - QuantPedia.html'
https://quantpedia.com/strategies/federal-open-market-committee-meeting-effect-on-us-dollar/,'Federal Open Market Committee Meeting Effect on US Dollar - QuantPedia.html'
https://quantpedia.com/strategies/generalised-risk-adjusted-momentum-in-commodities/,'Generalised Risk-Adjusted Momentum in Commodities - QuantPedia.html'
https://quantpedia.com/strategies/headquarter-location-momentum/,'Headquarter Location Momentum - QuantPedia.html'
https://quantpedia.com/strategies/interest-rate-momentum-in-global-yield-curves/,'Interest Rate Momentum in Global Yield Curves - QuantPedia.html'
https://quantpedia.com/strategies/investor-sentiment-and-momentum-effect-in-currencies/,'Investor Sentiment and Momentum Effect in Currencies - QuantPedia.html'
https://quantpedia.com/strategies/liquidity-effect-in-stocks/,'Liquidity Effect in Stocks - QuantPedia.html'
https://quantpedia.com/strategies/monetary-fomc-momentum-in-stocks/,'Monetary (FOMC) Momentum in Stocks - QuantPedia.html'
https://quantpedia.com/strategies/monthly-reversal-and-or-momentum-based-on-intraday-returns/,'Monthly Reversal and_or Momentum Based on Intraday Returns - QuantPedia.html'
https://quantpedia.com/strategies/sector-rotation-strategy-based-on-multivariate-regression-analysis/,'Sector Rotation Strategy Based on Multivariate Regression Analysis - QuantPedia.html'
https://quantpedia.com/strategies/share-issuance-effect/,'Share Issuance Effect - QuantPedia.html'
https://quantpedia.com/strategies/skewness-effect-in-country-equity-indexes/,'Skewness Effect in Country Equity Indexes - QuantPedia.html'
https://quantpedia.com/strategies/sp500-futures-return-during-the-eu-open-period/,'S&P500 Futures Return During the EU-Open Period - QuantPedia.html'
https://quantpedia.com/strategies/trend-following-trading-strategies-for-currencies/,'Trend Following Trading Strategies for Currencies - QuantPedia.html'
https://quantpedia.com/strategies/value-combined-with-post-earnings-announcement-drift/,'Value Combined with Post-Earnings Announcement Drift - QuantPedia.html'
